Lat,Lng
37.7844618,-122.2165017
37.6311721,-122.0963438
37.8160062,-122.2350852
37.8834549,-122.2999811
37.7924382,-122.2142161
37.7501082,-122.1628638
37.7928412,-122.2024936
37.8188527,-122.2829057
37.929203,-122.3213407
37.8617771,-122.2839392
37.7999909,-122.220904
37.8681685,-122.2640833
37.8096257,-122.2859598
37.9009522,-122.2663584
37.9349514,-122.3197712
37.7428174,-122.2474711
37.7038262,-122.1263005
37.6913357,-122.0935601
37.8038709,-122.2697415
37.8097063,-122.2475278
37.84964,-122.2658409
37.6639137,-122.087796
37.9170889,-122.2842063
37.7010994,-122.088956
37.7927161,-122.2381101
37.798573,-122.1926429
37.654651,-122.0698299
37.9736568,-122.3017796
37.7959456,-122.2536956
37.8038323,-122.2701931
37.8961649,-122.2604209
37.7940135,-122.2713119
37.8145579,-122.234959
37.8236388,-122.2809454
37.7321427,-122.1781526
37.8471991,-122.2521325
37.7449983,-122.2370817
37.759534,-122.254834
37.8524674,-122.2662239
37.6318094,-122.0903105
37.7154838,-122.1432613
37.753218,-122.1769011
37.679526,-122.081914
37.8220959,-122.2704737
37.7487926,-122.1618727
37.793439,-122.2188208
37.6845096,-122.082404
37.7046169,-122.1168689
37.9292646,-122.2990043
37.7532678,-122.2407823
37.9210399,-122.2890806
37.8157897,-122.2840182
37.7155128,-122.1428306
37.798959,-122.2569687
37.7874142,-122.229471
37.675626,-122.0820086
37.8245328,-122.2307581
37.8201768,-122.2821915
37.8903792,-122.29832
37.6949557,-122.1137006
37.8145943,-122.2328978
37.8973786,-122.276286
37.7768636,-122.2016251
37.7875015,-122.2385894
37.9495283,-122.3502477
37.876427,-122.2667221
37.734077,-122.2346562
37.6312124,-122.0772116
37.7858265,-122.2142096
37.8085852,-122.2685869
37.7758189,-122.1851458
37.757074,-122.25642
37.811737,-122.2418657
37.8147126,-122.259503
37.801156,-122.175037
37.8606217,-122.2916368
37.9458727,-122.3520292
37.9091661,-122.2754062
37.7710427,-122.2111861
37.6361404,-122.0621652
37.7073554,-122.0641691
37.7571558,-122.1478625
37.9917478,-122.3038451
37.8258446,-122.2325526
37.8374333,-122.2944896
37.9649442,-122.3149388
37.8908709,-122.2871565
37.7123667,-122.1360488
37.7039753,-122.061743
37.8093557,-122.2858639
37.7962781,-122.2475939
37.8026519,-122.2723999
37.7019237,-122.0746009
37.8157989,-122.2581464
37.763731,-122.2380619
37.7740016,-122.2054679
37.6953793,-122.123543
37.8633574,-122.2537508
37.9252191,-122.2942159
37.7773531,-122.1875526
37.8777732,-122.2948148
37.7820918,-122.2189874
37.6849384,-122.0995731
37.7730218,-122.2682168
37.8421258,-122.2648477
37.7736109,-122.2767112
37.6707969,-122.0842654
37.7814444,-122.2324907
37.80552,-122.2739084
37.7907327,-122.2058344
37.6351544,-122.0606219
37.7717783,-122.189949
37.98643,-122.2986015
37.9461105,-122.352152
37.8164929,-122.2634359
37.6954522,-122.0828098
37.8446036,-122.2651899
37.6982059,-122.1095458
37.7995473,-122.2126577
37.8028062,-122.2720152
37.7528247,-122.1602562
37.7824058,-122.2044306
37.8291881,-122.2850173
37.7913727,-122.204738
37.8312559,-122.2793366
37.8243719,-122.2656269
37.6932224,-122.1192673
37.7913951,-122.2196318
37.765284,-122.241692
37.6842198,-122.0797128
37.788238,-122.2098312
37.7901813,-122.2065182
37.7416594,-122.1567225
37.7926353,-122.2076454
37.7418201,-122.1572505
37.8104839,-122.2006909
37.8102363,-122.2490962
37.6664829,-122.0876116
37.8057224,-122.2374622
37.7128407,-122.1392003
37.7627424,-122.2028167
37.8906403,-122.2909284
37.8952668,-122.2689793
37.6719497,-122.0843931
37.8087132,-122.2514283
37.8584429,-122.2668168
37.7724473,-122.2496405
37.8340886,-122.2527655
37.7625164,-122.1650965
37.7844217,-122.2253797
37.7782855,-122.2081193
37.8683017,-122.2546283
37.7738708,-122.2099052
37.6511246,-122.0709122
37.7802724,-122.2640149
37.6945188,-122.1134737
37.8074189,-122.2494604
37.886299,-122.2665548
37.8435223,-122.2615787
37.7845644,-122.2276983
37.8120851,-122.2851177
37.775518,-122.2254576
37.735499,-122.2395171
37.762363,-122.244273
37.7434638,-122.1477936
37.7512143,-122.1596397
37.8613704,-122.2870413
37.7804547,-122.2245205
37.6349921,-122.0613861
37.9350318,-122.3080041
37.8102879,-122.2489225
37.6614846,-122.0804729
37.8920034,-122.2739399
37.6954485,-122.078487
37.784451,-122.228175
37.7730666,-122.27689
37.932723,-122.3235141
37.7594087,-122.2547707
37.9713,-122.305594
37.7976554,-122.2631755
37.7822292,-122.1931407
37.8182856,-122.2211627
37.7711993,-122.1765391
37.8619267,-122.267279
37.8148537,-122.2382078
37.6656335,-122.0861952
37.791939,-122.2240275
37.8182186,-122.2149167
37.8459751,-122.2707709
37.8551106,-122.2597167
37.8899148,-122.262462
37.7968913,-122.2759565
37.7809771,-122.1959304
37.7770383,-122.2014877
37.7026597,-122.1015959
37.8002045,-122.215789
37.8415761,-122.2898105
37.6391403,-122.0571551
37.6843128,-122.0822472
37.6686545,-122.0680694
37.7600931,-122.1629026
37.6733115,-122.077495
37.6315115,-122.0892494
37.7766981,-122.2315019
37.7375659,-122.2490344
37.7779875,-122.1818609
37.7964247,-122.2478411
37.8046967,-122.2329865
37.8126786,-122.2964003
37.804172,-122.2748889
37.9295812,-122.3048288
37.8402171,-122.2671355
37.8696872,-122.2523895
37.7773859,-122.226088
37.8050241,-122.2771031
37.7949777,-122.2514007
37.8090984,-122.2688009
37.7824266,-122.2041969
37.7751111,-122.1968482
37.8465804,-122.2611416
37.6698858,-122.0928562
37.8095121,-122.244203
37.7809059,-122.2709364
37.7810663,-122.2700596
37.7244334,-122.146585
37.764,-122.2649683
37.7945007,-122.25767
37.822987,-122.25968
37.8904967,-122.2525757
37.7415891,-122.1564958
37.840021,-122.251261
37.8631406,-122.2742684
37.6873176,-122.0734388
37.7556867,-122.1670407
37.6779135,-122.0754637
37.6949859,-122.0847029
37.8085357,-122.296334
37.8111752,-122.2670441
37.6606887,-122.0740483
37.9300286,-122.306435
37.6353282,-122.0611997
37.7180348,-122.1463405
37.8124423,-122.2962944
37.8734718,-122.2552278
37.8023712,-122.2542531
37.9223521,-122.2924898
37.8088729,-122.2563861
37.7979668,-122.2564967
37.8302827,-122.2708337
37.6948191,-122.071009
37.8817329,-122.2614474
37.8843651,-122.2988574
37.7798699,-122.1766229
37.8019415,-122.2437496
37.7751094,-122.2247397
37.7535057,-122.165416
37.8509305,-122.2525668
37.8806204,-122.2614859
37.9653984,-122.3125494
37.6935164,-122.0679978
37.9278225,-122.3200359
37.8679427,-122.297351
37.6945226,-122.0862423
37.7280529,-122.1724186
37.8706182,-122.2794554
37.893232,-122.2748344
37.6763561,-122.0779445
37.7574295,-122.1411639
37.8021978,-122.2699966
37.8327259,-122.2677993
37.7573973,-122.1757983
37.6968994,-122.1111353
37.8883548,-122.2667648
37.8345211,-122.252691
37.868791,-122.294305
37.775429,-122.225279
37.8793578,-122.301843
37.7868661,-122.2371808
37.9153801,-122.2828407
37.8801622,-122.2970804
37.7986164,-122.2403073
37.8276,-122.2509807
37.8905034,-122.293296
37.8084819,-122.2514276
37.8451868,-122.2521622
37.8635791,-122.2700272
37.8808289,-122.2957826
37.7398137,-122.1557467
37.7990607,-122.2565121
37.7770346,-122.2767695
37.9551644,-122.3353908
37.8294499,-122.2686279
37.7567028,-122.1772434
37.7989698,-122.1870831
37.8821175,-122.2673322
37.7725407,-122.2063835
37.743973,-122.2435367
37.8076542,-122.2220791
37.727146,-122.1741219
37.7994776,-122.2129303
37.897656,-122.2668875
37.8909554,-122.2852393
37.7616335,-122.2629867
37.7088797,-122.0685144
37.836855,-122.251216
37.7867289,-122.2279889
37.8072577,-122.2223786
37.8288667,-122.2490456
37.6429589,-122.0663099
37.6937424,-122.1021075
37.8246137,-122.2374935
37.7174958,-122.1459622
37.779463,-122.1806163
37.7461162,-122.1598813
37.816242,-122.2453994
37.8094713,-122.2493871
37.8030239,-122.1773549
37.8300723,-122.2477083
37.7997266,-122.2523001
37.7670821,-122.1756385
37.7857475,-122.2220559
37.9500148,-122.3389004
37.7245703,-122.1468564
37.8484501,-122.2717477
37.880326,-122.2671272
37.7908629,-122.2249493
37.8641769,-122.2537122
37.8620922,-122.2669975
37.6941879,-122.087063
37.6393593,-122.0641866
37.7431161,-122.1520775
37.8773238,-122.2949317
37.7803846,-122.2061794
37.7764338,-122.2225803
37.7727734,-122.2597881
37.7766956,-122.1834781
37.78221,-122.2234459
37.8137136,-122.2482759
37.7755885,-122.1705751
37.6577531,-122.097748
37.8235057,-122.2701103
37.8545591,-122.2710115
37.6993541,-122.0613424
37.6707519,-122.0901567
37.7535392,-122.1968671
37.817325,-122.2716801
37.7016952,-122.0807616
37.8595942,-122.2939812
37.7825049,-122.2188979
37.8172206,-122.2529215
37.7728586,-122.1954897
37.7613825,-122.204759
37.8040883,-122.2885118
37.8707453,-122.2802765
37.9020602,-122.2766039
37.883519,-122.250139
37.8226977,-122.243807
37.829439,-122.2872673
37.7703221,-122.244416
37.9073373,-122.2794207
37.7695381,-122.1933626
37.79716,-122.265807
37.8018428,-122.2719002
37.8765134,-122.2735026
37.786442,-122.2408418
37.8000933,-122.2419799
37.7306675,-122.1492878
37.7600418,-122.170258
37.8113955,-122.2937178
37.8588152,-122.253145
37.8003542,-122.2228555
37.7715518,-122.2560265
37.8536216,-122.2599399
37.7913405,-122.2045348
37.7960988,-122.2031567
37.8554145,-122.2666197
37.7002599,-122.1204374
37.8022723,-122.2418417
37.7546691,-122.1473513
37.7139683,-122.1383124
37.7790454,-122.2168437
37.8855344,-122.301303
37.7648842,-122.1993054
37.7921312,-122.2276272
37.7766614,-122.1957143
37.7878442,-122.2212213
37.7675309,-122.1695873
37.8002012,-122.2212807
37.7587494,-122.2531976
37.7143257,-122.1416721
37.9883355,-122.3107043
37.8165339,-122.2677047
37.9498017,-122.341103
37.672162,-122.0810373
37.8925986,-122.2564472
37.775943,-122.257655
37.8293135,-122.2662819
37.6428625,-122.0660495
37.7104757,-122.1358085
37.8857656,-122.2545122
37.8979715,-122.2698601
37.8847305,-122.3050115
37.6357216,-122.0830663
37.70117,-122.0933147
37.8649135,-122.2679298
37.7867184,-122.2281818
37.8555686,-122.2925702
37.6815029,-122.067981
37.6749088,-122.0874485
37.6540338,-122.0535848
37.7954726,-122.2181865
37.728861,-122.1591331
37.8843847,-122.2626551
37.7776416,-122.2765358
37.8825776,-122.2799808
37.8674222,-122.2614165
37.927779,-122.2963421
37.8744319,-122.2640813
37.8416875,-122.2615723
37.686732,-122.117394
37.7641871,-122.1744994
37.829869,-122.2682544
37.735654,-122.1641603
37.7932192,-122.2442145
37.7364748,-122.2565438
37.6336559,-122.0795229
37.8050901,-122.2733525
37.7846699,-122.2294216
37.7613403,-122.1638596
37.7742772,-122.2538245
37.7310924,-122.1605648
37.8658153,-122.2609932
37.8613913,-122.28779
37.9304951,-122.3065428
37.8270336,-122.2800661
37.9127733,-122.2814066
37.8799035,-122.2990628
37.7725759,-122.2150624
37.8032321,-122.2366696
37.8768478,-122.2604547
37.8204576,-122.270677
37.6841459,-122.0770649
37.8222885,-122.2661903
37.7993977,-122.231674
37.8033088,-122.2753054
37.6394373,-122.0834183
37.765436,-122.1766709
37.7390168,-122.1926
37.8098232,-122.2592202
37.7775924,-122.2308802
37.7446944,-122.1542047
37.9725086,-122.303773
37.8003154,-122.248497
37.7086791,-122.0644186
37.7686108,-122.153201
37.6585106,-122.0942575
37.8004071,-122.2536556
37.8153401,-122.2839486
37.6550378,-122.0697794
37.8132023,-122.2511779
37.7752956,-122.1855965
37.8017636,-122.243851
37.8933683,-122.267895
37.8323715,-122.2637377
37.876695,-122.283023
37.8848025,-122.2484622
37.7224878,-122.152545
37.7853226,-122.2220745
37.7946253,-122.2125319
37.7498408,-122.1631525
37.868006,-122.259029
37.8903904,-122.2958712
37.7889003,-122.2315763
37.6846503,-122.1166527
37.654179,-122.1048543
37.8051331,-122.290173
37.6606459,-122.0579639
37.6368464,-122.0546629
37.9911513,-122.3062451
37.7986959,-122.2405706
37.8794475,-122.2739339
37.8006373,-122.2685876
37.7902071,-122.2339159
37.7762818,-122.2035888
37.7826255,-122.18803
37.7885988,-122.1960667
37.8723686,-122.2685425
37.7410636,-122.1644793
37.8653302,-122.2722652
37.979621,-122.296549
37.7687729,-122.1740223
37.7441081,-122.1488139
37.7934656,-122.2266869
37.742086,-122.1594
37.8367208,-122.259273
37.8047472,-122.2720121
37.7962124,-122.2477864
37.8470314,-122.2915194
37.8667408,-122.2725859
37.7483965,-122.1579942
37.7649616,-122.2670038
37.8307451,-122.2737433
37.6518748,-122.1050592
37.8896342,-122.2626417
37.7053808,-122.1155148
37.8022012,-122.2654866
37.7789552,-122.2286939
37.7308281,-122.1784954
37.6913348,-122.0750855
37.8049677,-122.2507631
37.7011837,-122.1086661
37.6696125,-122.0709547
37.6337677,-122.0792588
37.7963108,-122.2529849
37.8128786,-122.2410485
37.7974342,-122.2458399
37.6448934,-122.0871304
37.7613656,-122.1675774
37.9358997,-122.3537587
37.9325615,-122.3093885
37.703468,-122.0607936
37.7791996,-122.1745696
37.7994552,-122.265574
37.8054916,-122.2817253
37.6629075,-122.0761866
37.7649048,-122.267421
37.8711994,-122.2730763
37.6580597,-122.0540133
37.6917516,-122.0747245
37.7624946,-122.1648502
37.7798054,-122.1784614
37.821955,-122.2702937
37.8232148,-122.2843837
37.7017493,-122.0844439
37.6928578,-122.0900673
37.8219055,-122.281569
37.7659797,-122.1676233
37.8722013,-122.268776
37.817729,-122.2128508
37.7576482,-122.1684947
37.6800752,-122.0706724
37.9497927,-122.3454573
37.7978924,-122.1837505
37.7608012,-122.245837
37.886371,-122.2623554
37.7574764,-122.1408141
37.8620271,-122.2534823
37.9033156,-122.2778717
37.7737735,-122.1941182
37.920921,-122.2888663
37.7583731,-122.1737817
37.8829284,-122.2795779
37.866775,-122.254045
37.7738822,-122.2178042
37.7843176,-122.2165025
37.7371554,-122.2489317
37.6517715,-122.0672807
37.8785363,-122.2692311
37.796344,-122.2473408
37.8025967,-122.2824617
37.6369255,-122.0552617
37.7570679,-122.2495373
37.8096369,-122.1830117
37.7817653,-122.223862
37.8182288,-122.2883721
37.7738919,-122.1872441
37.8854439,-122.3001501
37.780799,-122.266125
37.7790822,-122.2766923
37.8460484,-122.2964005
37.8785561,-122.2608324
37.7459755,-122.1602903
37.7231046,-122.1531521
37.9537824,-122.3318177
37.6931179,-122.0631079
37.8803518,-122.2467384
37.8745069,-122.2662769
37.8939632,-122.2637674
37.7474172,-122.195885
37.7092192,-122.0741173
37.8721194,-122.2679845
37.89975,-122.2557773
37.9362977,-122.3147416
37.683619,-122.0898621
37.8399681,-122.2673651
37.8122338,-122.2729802
37.7612923,-122.1635678
37.7727045,-122.1984647
37.7825392,-122.2364596
37.722672,-122.146038
37.8090689,-122.2559637
37.8015436,-122.2708682
37.6618596,-122.0791446
37.7994386,-122.2628791
37.810381,-122.2469298
37.7436323,-122.1585453
37.7714652,-122.1899439
37.8401812,-122.2621242
37.8124843,-122.2151658
37.8137326,-122.2398803
37.78784,-122.2210527
37.817222,-122.2896685
37.7736917,-122.1795115
37.7370934,-122.1854786
37.7071566,-122.0643191
37.6894062,-122.0734768
37.691846,-122.0746505
37.8645066,-122.2586205
37.7696313,-122.2384108
37.8070742,-122.2413059
37.6967725,-122.1258847
37.7428892,-122.2499625
37.8183583,-122.2557737
37.792764,-122.2168146
37.6448663,-122.086761
37.8611571,-122.2591262
37.8175151,-122.2571238
37.8906925,-122.2934792
37.6924745,-122.1010065
37.9023989,-122.2705699
37.7421059,-122.1511334
37.8073203,-122.2792488
37.7308536,-122.1495815
37.7984726,-122.2090008
37.7430658,-122.1693947
37.8478597,-122.2607194
37.8812306,-122.2741602
37.7378193,-122.2505428
37.784818,-122.2318591
37.9195295,-122.286732
37.8553154,-122.2599345
37.9861265,-122.316644
37.8010159,-122.2184272
37.821168,-122.2485353
37.8628517,-122.2765083
37.8919776,-122.2671408
37.7512535,-122.1943912
37.8798969,-122.2957731
37.9724998,-122.3034811
37.7017466,-122.0782511
37.8523011,-122.2660266
37.8101431,-122.2455742
37.7886473,-122.2315325
37.7936312,-122.2401318
37.7236126,-122.1541088
37.7813836,-122.2328113
37.8074637,-122.2789681
37.8875763,-122.2613165
37.7575172,-122.183791
37.639161,-122.101921
37.7683048,-122.2488988
37.906845,-122.271774
37.9357157,-122.3233728
37.7885445,-122.2317081
37.6857352,-122.0862009
37.9436868,-122.3521487
37.6791367,-122.1017895
37.7006322,-122.1084994
37.7983182,-122.2360103
37.8109956,-122.2927139
37.6687229,-122.0956958
37.795678,-122.2261237
37.871544,-122.2726715
37.7878552,-122.22695
37.7990581,-122.2705469
37.8000987,-122.2163427
37.7552615,-122.1613229
37.8109034,-122.2855524
37.8079981,-122.2687575
37.8336198,-122.2507552
37.7655002,-122.1526642
37.8148811,-122.2595723
37.7832322,-122.1880184
37.7849873,-122.1992202
37.8745712,-122.2688533
37.9915676,-122.3028331
37.6947027,-122.0866508
37.7847164,-122.2325478
37.8000177,-122.2548018
37.9297545,-122.3045751
37.8629779,-122.2745053
37.738125,-122.1688905
37.8681567,-122.2974137
37.873625,-122.2731735
37.7006473,-122.0907281
37.8022966,-122.231741
37.7972316,-122.2389163
37.732904,-122.1783887
37.8911892,-122.2840643
37.7304857,-122.1603089
37.6707774,-122.0828719
37.6922131,-122.0740342
37.7951238,-122.2764479
37.875327,-122.260245
37.8186433,-122.2446286
37.755876,-122.1789531
37.769972,-122.2439454
37.7620409,-122.1622029
37.8690637,-122.2917252
37.9324686,-122.3095536
37.7671533,-122.1694154
37.8068739,-122.2895659
37.8269068,-122.2690517
37.6617113,-122.079252
37.8335698,-122.263149
37.7085626,-122.0646587
37.8503862,-122.2606246
37.8100971,-122.1984971
37.802933,-122.267375
37.9043126,-122.2697595
37.8027076,-122.2396301
37.7919719,-122.2429944
37.701429,-122.0871063
37.7730757,-122.2649204
37.7732718,-122.2764356
37.8191407,-122.2184652
37.8215494,-122.2440046
37.6959574,-122.0620701
37.8907478,-122.2913283
37.7990995,-122.250852
37.8229541,-122.2564437
37.7483687,-122.1964879
37.7042879,-122.0649044
37.8249023,-122.2322905
37.7641653,-122.2648703
37.8151374,-122.2722292
37.7727954,-122.2501047
37.744818,-122.170701
37.7469111,-122.1725698
37.7783494,-122.1725746
37.8418336,-122.2950887
37.8818151,-122.2818326
37.9295723,-122.3004565
37.8235707,-122.2811857
37.685009,-122.0634819
37.7472956,-122.1570581
37.6591636,-122.1003297
37.82956,-122.26646
37.8617781,-122.2718262
37.8898747,-122.2726456
37.7524716,-122.1257087
37.7853368,-122.2340365
37.68451,-122.0737455
37.8017305,-122.2687707
37.9066612,-122.2746115
37.6624606,-122.1022064
37.7835392,-122.2229665
37.8024234,-122.2419129
37.6815683,-122.0675861
37.81001,-122.272771
37.6662405,-122.1026863
37.9501578,-122.3387641
37.8095871,-122.2694127
37.7492363,-122.174282
37.9364209,-122.3165188
37.7685902,-122.2342222
37.7714301,-122.2732542
37.792672,-122.2168611
37.7032402,-122.0972863
37.8065076,-122.2871498
37.9662742,-122.3098778
37.9676254,-122.308959
37.6340454,-122.0988002
37.8349901,-122.2670383
37.7974063,-122.204773
37.7920156,-122.249521
37.7777144,-122.1915653
37.6584556,-122.0958869
37.8310753,-122.279039
37.6817754,-122.0960929
37.7688136,-122.2729918
37.7979136,-122.2547202
37.800474,-122.2227313
37.7692632,-122.1739465
37.8633715,-122.2723963
37.8841628,-122.2989977
37.7533571,-122.1970616
37.8425467,-122.2705092
37.765871,-122.201388
37.936026,-122.3561215
37.7349791,-122.2369121
37.737884,-122.2543718
37.7035979,-122.1264015
37.695618,-122.081721
37.8685999,-122.2940789
37.8721728,-122.2662041
37.6738566,-122.0813572
37.7644655,-122.2403941
37.7733026,-122.2725943
37.7666615,-122.175694
37.7914948,-122.2364849
37.7776403,-122.2256621
37.9355426,-122.3195047
37.8753563,-122.2939033
37.6956912,-122.0781161
37.8150003,-122.2377917
37.8027138,-122.2537118
37.6453658,-122.0667671
37.6777449,-122.0759945
37.886486,-122.2976044
37.7015082,-122.1234417
37.8082239,-122.3017935
37.6869821,-122.0737937
37.8373204,-122.2619481
37.6950269,-122.1131653
37.697529,-122.0869508
37.7949471,-122.2492981
37.8005368,-122.2482494
37.908879,-122.264695
37.8765197,-122.2687525
37.8061143,-122.297942
37.8980463,-122.262039
37.8098562,-122.2596911
37.8011315,-122.2730622
37.7454072,-122.1555507
37.7884285,-122.2097718
37.6765279,-122.0774157
37.8014688,-122.1749709
37.8525986,-122.2710197
37.792669,-122.2079991
37.7958205,-122.2591789
37.800482,-122.229193
37.7731592,-122.2728666
37.8092622,-122.2475112
37.8394133,-122.2698357
37.7574153,-122.258368
37.8909019,-122.2672971
37.6927747,-122.1009943
37.96471,-122.3149526
37.8631048,-122.272183
37.7837728,-122.201934
37.9492989,-122.3521497
37.7438614,-122.1582254
37.791104,-122.1981113
37.7194506,-122.148246
37.7955244,-122.197412
37.9295116,-122.3000488
37.7936576,-122.2004356
37.8450598,-122.2908868
37.6939273,-122.1020277
37.7414108,-122.1566497
37.9008462,-122.2664225
37.7087648,-122.0688174
37.8705864,-122.2816273
37.8169653,-122.2139928
37.8844104,-122.2972128
37.8232685,-122.2295892
37.7952273,-122.2546858
37.8586027,-122.2934837
37.8452843,-122.261084
37.641636,-122.0835666
37.8207247,-122.2708187
37.6566636,-122.0930239
37.8100851,-122.2169713
37.7005731,-122.0917962
37.6487916,-122.064964
37.8847091,-122.2481538
37.7748322,-122.2197652
37.7751955,-122.2248895
37.750074,-122.191932
37.808435,-122.265725
37.665228,-122.056076
37.6711653,-122.0741933
37.7768869,-122.2241335
37.6686875,-122.0657235
37.8924638,-122.2650455
37.7799617,-122.2206548
37.810341,-122.2890567
37.6897658,-122.1190426
37.8087472,-122.2831026
37.976704,-122.29647
37.7785295,-122.2215429
37.7726325,-122.1781279
37.8910781,-122.2831532
37.7877086,-122.2429465
37.7307948,-122.231736
37.7321628,-122.177845
37.8978712,-122.2699824
37.6842624,-122.0767591
37.7088894,-122.0708043
37.810698,-122.2905885
37.8504657,-122.2603938
37.819517,-122.219459
37.6906611,-122.1079954
37.7990672,-122.1897794
37.7107324,-122.1337092
37.8445504,-122.2516867
37.8248867,-122.2695258
37.8251801,-122.2478762
37.7889357,-122.2264642
37.7057735,-122.0644247
37.8694913,-122.2676491
37.833219,-122.2866193
37.8618959,-122.2535971
37.6697442,-122.0867738
37.765368,-122.242085
37.8838997,-122.26639
37.8911716,-122.2815398
37.7216123,-122.1603954
37.7661512,-122.1518373
37.7918873,-122.2147907
37.7573017,-122.1476797
37.8924776,-122.2564314
37.7415252,-122.1619362
37.6912169,-122.0623873
37.868192,-122.26799
37.757388,-122.1621276
37.8098048,-122.1896301
37.7044237,-122.1170608
37.7836366,-122.2018562
37.8543938,-122.2712127
37.8633547,-122.2717459
37.8088757,-122.2536126
37.8764067,-122.285276
37.806067,-122.280222
37.6432044,-122.1051253
37.7711098,-122.1764027
37.8217013,-122.2441681
37.7125295,-122.1391875
37.7758985,-122.1847466
37.7576974,-122.169018
37.8469841,-122.26533
37.7867813,-122.2125801
37.8036582,-122.276263
37.7615601,-122.1591717
37.8046987,-122.2952859
37.7442424,-122.2427171
37.7656005,-122.241575
37.7990683,-122.1916759
37.6469262,-122.0898952
37.6676693,-122.0612648
37.8857622,-122.2492854
37.7822649,-122.2365832
37.8397473,-122.2513707
37.8283405,-122.2500385
37.8085834,-122.2444525
37.7767187,-122.2226378
37.9071203,-122.2701784
37.7424317,-122.2451071
37.8606144,-122.2921466
37.7649913,-122.1996224
37.6696272,-122.0866076
37.6425117,-122.0602967
37.8812269,-122.2615173
37.861294,-122.2719775
37.8220143,-122.227155
37.8261356,-122.284116
37.8908632,-122.2891941
37.6713364,-122.0900368
37.6681299,-122.081792
37.7728163,-122.261859
37.8294976,-122.2645069
37.7518787,-122.2387831
37.7895898,-122.2309292
37.769185,-122.1744125
37.8028359,-122.2716702
37.7975189,-122.2366348
37.7119138,-122.1378588
37.8115925,-122.2153297
37.751927,-122.2391886
37.9078622,-122.2801964
37.9514435,-122.3389004
37.7638283,-122.1492291
37.975963,-122.297667
37.7976181,-122.2457619
37.7334415,-122.1782639
37.8537015,-122.2528211
37.7770912,-122.1714836
37.8159379,-122.252311
37.7761669,-122.213342
37.7018204,-122.0821611
37.7716873,-122.1907299
37.7071657,-122.1299916
37.8489806,-122.2922984
37.8698362,-122.2874175
37.7681556,-122.1953207
37.8803254,-122.2962201
37.8239271,-122.2398508
37.7927909,-122.2140921
37.6822208,-122.0666836
37.906975,-122.2794988
37.7715369,-122.2563168
37.7785488,-122.2081189
37.8190084,-122.2710461
37.8029027,-122.2826426
37.896051,-122.2659611
37.7615506,-122.1515687
37.7991358,-122.2110808
37.7980686,-122.1641899
37.669247,-122.0935567
37.8445979,-122.2959462
37.8159386,-122.258797
37.7662635,-122.2714046
37.8017991,-122.2726312
37.7592807,-122.2637676
37.9645317,-122.3174424
37.8188484,-122.2620313
37.7013296,-122.086984
37.87548,-122.2916475
37.808653,-122.267431
37.6776899,-122.0908812
37.7377592,-122.1879246
37.6444343,-122.0839121
37.8381889,-122.2623193
37.8180494,-122.2673349
37.8384365,-122.2931203
37.699618,-122.108511
37.7904128,-122.1671592
37.6945722,-122.1225789
37.8672006,-122.2632173
37.7887804,-122.2407145
37.7361775,-122.2413885
37.7832295,-122.2362112
37.6946387,-122.0740832
37.866695,-122.2671512
37.6702147,-122.0721659
37.7746476,-122.2115453
37.8232531,-122.2699776
37.8095105,-122.1835433
37.6388797,-122.057262
37.8915546,-122.2775066
37.6501403,-122.1086915
37.8907502,-122.2889255
37.7964477,-122.2530543
37.804536,-122.290796
37.7307645,-122.1762014
37.733288,-122.1623968
37.9494447,-122.3520321
37.6702385,-122.0871805
37.8002752,-122.2544202
37.7475486,-122.1726983
37.9043805,-122.2703614
37.7386697,-122.1912378
37.8911639,-122.2771114
37.7393331,-122.1669627
37.8491153,-122.2710909
37.93308,-122.3241118
37.867465,-122.2995568
37.8602753,-122.2669167
37.7797359,-122.1975129
37.8079104,-122.302168
37.8490446,-122.292153
37.7767549,-122.2628258
37.9361671,-122.3175836
37.969494,-122.307475
37.7567818,-122.2005066
37.8664679,-122.2678119
37.6559007,-122.0573481
37.814525,-122.2321053
37.8164164,-122.2456408
37.6561873,-122.0746661
37.8261885,-122.2528686
37.762422,-122.1628938
37.8132474,-122.2687986
37.6639475,-122.0766588
37.6529963,-122.0723348
37.7287418,-122.1587608
37.8853396,-122.275195
37.8301886,-122.2834458
37.7431773,-122.2482477
37.8209824,-122.225801
37.7887424,-122.2318948
37.815907,-122.2328363
37.7902316,-122.2343739
37.8108404,-122.1965356
37.8805756,-122.284164
37.6732097,-122.0927843
37.7744169,-122.2122554
37.7992816,-122.2542816
37.8645859,-122.2702866
37.8031914,-122.1771091
37.6872197,-122.1189787
37.8120275,-122.2989402
37.823542,-122.2590169
37.9360031,-122.3178741
37.9496412,-122.3500313
37.8686459,-122.260255
37.9216786,-122.2912604
37.6358768,-122.0797613
37.737814,-122.1658333
37.8246773,-122.2376838
37.8809487,-122.2933064
37.7948356,-122.249385
37.8751328,-122.2823426
37.7720171,-122.1932042
37.7996901,-122.273941
37.8140914,-122.2683578
37.6830057,-122.0650545
37.8295725,-122.2678908
37.7538656,-122.1976313
37.7002673,-122.1212503
37.7783197,-122.1727652
37.7636304,-122.1743904
37.899376,-122.2708258
37.9351737,-122.3217789
37.7266346,-122.147542
37.86161,-122.2588175
37.8599836,-122.271627
37.7872553,-122.1946289
37.797185,-122.2370657
37.9909354,-122.3059916
37.6366139,-122.0623072
37.7933064,-122.2511831
37.7848214,-122.2344422
37.8843663,-122.276688
37.7342582,-122.1516288
37.7773677,-122.1943348
37.7497688,-122.158684
37.8105182,-122.1930424
37.6344835,-122.0632227
37.7500028,-122.159045
37.882765,-122.2522893
37.8221276,-122.2817167
37.7661035,-122.1763824
37.7408899,-122.1646511
37.7450728,-122.1958492
37.7632722,-122.262465
37.6710801,-122.090065
37.7854406,-122.2146169
37.6422743,-122.0597489
37.8377859,-122.268686
37.8457243,-122.2519953
37.8365463,-122.2626066
37.7300208,-122.1751248
37.7913383,-122.2198324
37.7721642,-122.2107647
37.9359817,-122.3093191
37.6512789,-122.0708897
37.6461244,-122.0631309
37.7041289,-122.0645223
37.7867404,-122.2325025
37.8671762,-122.2724624
37.7440343,-122.1704541
37.7362612,-122.182907
37.818879,-122.2250775
37.783376,-122.2357087
37.8062031,-122.2251609
37.6692842,-122.0860985
37.7769551,-122.2096185
37.7357104,-122.2394097
37.869294,-122.2551292
37.6791884,-122.0727893
37.8346865,-122.2519889
37.8301133,-122.2712431
37.7060896,-122.1295252
37.8835942,-122.2708677
37.8066499,-122.2870121
37.7282662,-122.1790591
37.9356966,-122.3240576
37.7371276,-122.1860873
37.7839461,-122.2226131
37.800546,-122.2166217
37.8988243,-122.2765587
37.6309999,-122.0960618
37.8467131,-122.2921582
37.8444379,-122.2649862
37.7740001,-122.2052966
37.8109952,-122.2620901
37.8008943,-122.2779985
37.8919892,-122.2742057
37.8798093,-122.2738293
37.7739046,-122.1796006
37.7725657,-122.2031295
37.8568196,-122.2668067
37.8043961,-122.2295938
37.7976812,-122.1935437
37.735999,-122.2419679
37.793727,-122.2398015
37.8294901,-122.2642153
37.769484,-122.2515937
37.8791979,-122.2610948
37.8065058,-122.26971
37.8029564,-122.2679187
37.8662926,-122.2586101
37.775283,-122.185413
37.8521796,-122.2913787
37.6930942,-122.1192219
37.7704555,-122.2374691
37.7334944,-122.1507926
37.6969224,-122.1108581
37.811111,-122.265079
37.7581499,-122.2607248
37.7908974,-122.2290227
37.7086418,-122.0659907
37.8568243,-122.2531146
37.8064353,-122.2873877
37.7717343,-122.2768063
37.7938569,-122.2002732
37.7689918,-122.173903
37.7522196,-122.1761321
37.8807638,-122.2835608
37.6994263,-122.1085615
37.7588083,-122.1859895
37.8001446,-122.2271446
37.6771123,-122.0829639
37.6950875,-122.1133407
37.7928813,-122.2192138
37.789998,-122.242412
37.8145974,-122.2487098
37.8762084,-122.2604504
37.8185988,-122.2449409
37.805266,-122.2815897
37.8763506,-122.2690019
37.7911427,-122.2056767
37.7507429,-122.190553
37.7684832,-122.2489041
37.8618773,-122.2840081
37.7603161,-122.1476877
37.6804457,-122.0848054
37.8667073,-122.2542
37.8838052,-122.2530421
37.6643333,-122.0835746
37.8684457,-122.2726289
37.7942487,-122.177591
37.7988748,-122.224744
37.7755567,-122.1824909
37.6859256,-122.0867
37.7697276,-122.2517608
37.7817881,-122.2190921
37.7987199,-122.2439961
37.7607727,-122.1901355
37.8666044,-122.2675167
37.6698918,-122.0869502
37.7250471,-122.1589083
37.798492,-122.2535284
37.7351779,-122.2371023
37.8447505,-122.2614085
37.7346184,-122.1799395
37.8304878,-122.2736652
37.9641349,-122.3179445
37.7250953,-122.1582976
37.830128,-122.268252
37.8426443,-122.2700862
37.801738,-122.2452256
37.8738258,-122.2663774
37.6986442,-122.1190066
37.7831365,-122.2356729
37.7725528,-122.1986973
37.657684,-122.0718505
37.8635945,-122.2720271
37.882043,-122.2964516
37.925521,-122.3173411
37.8045638,-122.2952338
37.7559978,-122.1807305
37.8419104,-122.2618059
37.8079224,-122.2690892
37.7531795,-122.1851358
37.79631,-122.2510577
37.8516182,-122.2523643
37.8127617,-122.2726055
37.798508,-122.216833
37.7784613,-122.1993083
37.7947033,-122.2754181
37.650667,-122.0667984
37.7942592,-122.2700793
37.8400635,-122.2695367
37.8292237,-122.2641609
37.7982427,-122.1840113
37.9369366,-122.3563105
37.7842971,-122.2257652
37.6832207,-122.0974758
37.8028388,-122.2306417
37.801061,-122.2630844
37.8124688,-122.2615249
37.7950865,-122.2758055
37.9417965,-122.3515654
37.8318294,-122.2490697
37.8406904,-122.2644548
37.8050739,-122.1794792
37.7087857,-122.1338131
37.8252049,-122.235761
37.7377402,-122.1883382
37.6688454,-122.0654357
37.7748336,-122.180944
37.7601261,-122.1701476
37.9363407,-122.3117965
37.8624754,-122.278491
37.88691,-122.2510844
37.9553192,-122.3361518
37.7889996,-122.2407503
37.8536495,-122.2601749
37.8046534,-122.2312885
37.7985502,-122.2170254
37.6980257,-122.1095169
37.8794895,-122.3004391
37.8684502,-122.2677224
37.8900655,-122.2987473
37.8606709,-122.2671685
37.6833066,-122.0899868
37.7782684,-122.2214955
37.8194109,-122.2186414
37.8036515,-122.2717775
37.8602059,-122.2936777
37.9653344,-122.3120688
37.8843968,-122.2628079
37.8891502,-122.2748973
37.7932928,-122.2188117
37.7946677,-122.2458526
37.7727704,-122.1780951
37.8102088,-122.2459549
37.7602132,-122.1702514
37.6883288,-122.1046431
37.8332277,-122.2864743
37.7512337,-122.1641919
37.7802021,-122.2763658
37.8244524,-122.2583216
37.8440961,-122.2514328
37.8032083,-122.2354108
37.8684404,-122.2727765
37.7776442,-122.1881126
37.6682547,-122.0960622
37.667774,-122.0611108
37.7906981,-122.2291729
37.7998818,-122.2162777
37.7906978,-122.2249403
37.7799347,-122.1973986
37.9020986,-122.2707551
37.8564047,-122.2597868
37.8216813,-122.2269052
37.9497993,-122.3433027
37.6687845,-122.0842272
37.7587268,-122.1863661
37.6992366,-122.0615163
37.670087,-122.0915036
37.8727679,-122.2659805
37.6445519,-122.0838527
37.6344101,-122.0986712
37.7727027,-122.1963544
37.7087598,-122.066173
37.8203126,-122.2667115
37.8830346,-122.2489591
37.802963,-122.274464
37.6587583,-122.0625919
37.7517038,-122.1882731
37.6732368,-122.0829632
37.6963317,-122.1251171
37.7993304,-122.2509295
37.8086002,-122.2813535
37.8226125,-122.2663585
37.8106711,-122.1948254
37.8279298,-122.2572175
37.6732929,-122.0795364
37.7418485,-122.1688201
37.9062322,-122.2636957
37.8826484,-122.2963702
37.7269268,-122.1478824
37.8630675,-122.2586048
37.83183,-122.2636304
37.8703678,-122.2813466
37.9480341,-122.3520241
37.8418895,-122.2646481
37.6345559,-122.056834
37.794925,-122.2548642
37.7704642,-122.1815821
37.9387317,-122.3514419
37.900947,-122.2771876
37.8263576,-122.2497536
37.8465458,-122.2915304
37.9534254,-122.3380336
37.8313873,-122.2544506
37.9050647,-122.2784961
37.9036821,-122.2782458
37.8581606,-122.2714175
37.761924,-122.1925586
37.8139494,-122.2462766
37.7626835,-122.1646691
37.7356451,-122.1746487
37.7938886,-122.2566199
37.8038478,-122.271338
37.7978344,-122.2631105
37.8373093,-122.2688813
37.6983919,-122.1247497
37.6312139,-122.0737808
37.8046317,-122.2280474
37.8175891,-122.2507847
37.7024663,-122.1111136
37.8818696,-122.2701155
37.6535465,-122.090327
37.8400466,-122.2618129
37.8709169,-122.2676274
37.6833546,-122.0647529
37.7900279,-122.2428085
37.8931074,-122.2746348
37.7733478,-122.1968131
37.8081852,-122.1808417
37.8914393,-122.2796948
37.7514667,-122.175953
37.8599207,-122.2590274
37.9170863,-122.2843719
37.9195452,-122.2869133
37.8572871,-122.2529884
37.8102844,-122.1983539
37.6317946,-122.0695979
37.7697066,-122.1769431
37.7621451,-122.1728937
37.7856205,-122.1919659
37.7874499,-122.229768
37.8886815,-122.2763706
37.8885757,-122.2725035
37.7986413,-122.208473
37.7851354,-122.1992984
37.8371462,-122.2603553
37.8206008,-122.2504405
37.7363141,-122.1727653
37.8086549,-122.2190052
37.7684383,-122.2401041
37.7602403,-122.1477616
37.8916477,-122.2550003
37.9348207,-122.3080012
37.809529,-122.2630473
37.8804523,-122.2963689
37.8611033,-122.2891576
37.7559369,-122.1810195
37.6620193,-122.0875418
37.8949574,-122.2752638
37.6586851,-122.095875
37.7595396,-122.1875159
37.805025,-122.2505141
37.7338137,-122.2344492
37.6726499,-122.0831605
37.9761829,-122.29768
37.7021643,-122.1239311
37.7724297,-122.2067312
37.7980988,-122.2708439
37.8907372,-122.2640529
37.7421904,-122.1596029
37.638866,-122.0640592
37.8880699,-122.2981122
37.7927526,-122.2385635
37.6318154,-122.0685587
37.6655824,-122.1022922
37.7189919,-122.1478657
37.8893762,-122.2747498
37.7513578,-122.1599263
37.6748593,-122.0951799
37.7926438,-122.2469043
37.7172611,-122.1426198
37.7971705,-122.2386716
37.8858811,-122.2666443
37.7765203,-122.2140175
37.7713737,-122.2471736
37.7380268,-122.2545619
37.7348028,-122.1632505
37.742661,-122.2452679
37.8007308,-122.2545037
37.7590525,-122.1723742
37.7745459,-122.1697488
37.8720318,-122.2729934
37.7990227,-122.2295572
37.8466855,-122.2654556
37.6413033,-122.0653826
37.6843317,-122.0797628
37.8151654,-122.2719937
37.8030597,-122.2852014
37.7808746,-122.1959073
37.8841309,-122.2768549
37.6778163,-122.090728
37.8554134,-122.2926102
37.852706,-122.270766
37.8720318,-122.2685686
37.8384614,-122.2620319
37.8950549,-122.2650006
37.9534623,-122.338241
37.7725486,-122.1962341
37.8311344,-122.2787876
37.7713046,-122.1908622
37.8969575,-122.2615358
37.820723,-122.260797
37.8585478,-122.2936647
37.6795213,-122.0816746
37.8882014,-122.2534952
37.7681237,-122.1951615
37.7965728,-122.2256935
37.803984,-122.271495
37.647028,-122.1067868
37.8866889,-122.2548521
37.7015728,-122.1065367
37.8820965,-122.2671935
37.8569583,-122.2666471
37.7891817,-122.2084833
37.7989485,-122.2438896
37.6850419,-122.0884855
37.7674202,-122.1963755
37.6478961,-122.0682809
37.8250406,-122.2319638
37.8183947,-122.2626031
37.7795991,-122.2761214
37.938593,-122.351595
37.8811045,-122.246038
37.8704822,-122.2682464
37.8812402,-122.2889677
37.8712934,-122.2665493
37.72521,-122.1563666
37.765134,-122.1993023
37.8271864,-122.2571028
37.7419616,-122.1584065
37.8080952,-122.2048599
37.8060529,-122.2250043
37.7960066,-122.2540341
37.822011,-122.2281774
37.899359,-122.2651727
37.7919988,-122.2238293
37.7218008,-122.1605105
37.7965308,-122.2528693
37.8972455,-122.2665893
37.7999002,-122.264052
37.6701024,-122.0870871
37.753273,-122.1656832
37.6663447,-122.0798041
37.6938445,-122.0682129
37.7365936,-122.1533533
37.8212856,-122.248707
37.7663706,-122.2019529
37.8862446,-122.2718941
37.7174606,-122.1431407
37.7810723,-122.1921029
37.79442,-122.2715463
37.7750103,-122.2112661
37.7699293,-122.1770305
37.6784693,-122.0741499
37.7961783,-122.196774
37.8461395,-122.2948072
37.8803652,-122.2670051
37.8737752,-122.2825203
37.6799282,-122.0938139
37.867275,-122.300677
37.7768736,-122.262741
37.804447,-122.271746
37.8027448,-122.2110351
37.8262492,-122.2498943
37.8253094,-122.2517968
37.7417132,-122.2501248
37.7126555,-122.2123546
37.8173309,-122.2834659
37.8116084,-122.2730404
37.7965729,-122.2258417
37.772879,-122.2647724
37.8044995,-122.29491
37.8439824,-122.2707689
37.7512224,-122.1636793
37.7027239,-122.1018365
37.9349998,-122.3217521
37.647463,-122.0681582
37.8403558,-122.2620173
37.6580759,-122.0982916
37.9437414,-122.3520303
37.8991895,-122.2650993
37.6467324,-122.0632702
37.8135569,-122.2468493
37.8290986,-122.2489896
37.8360746,-122.2563068
37.6952214,-122.1035508
37.6334993,-122.0653869
37.7725529,-122.2147188
37.6768955,-122.083225
37.7955047,-122.2536818
37.8500623,-122.2523076
37.799721,-122.171883
37.7775826,-122.2260404
37.7799135,-122.2068098
37.7924827,-122.2026234
37.7891969,-122.2459146
37.7383171,-122.1904863
37.8055118,-122.2898704
37.7727202,-122.2028004
37.8419268,-122.2516226
37.7708177,-122.2113607
37.7530078,-122.160506
37.8403814,-122.2642152
37.808199,-122.2043567
37.6805736,-122.0941923
37.8103209,-122.2005011
37.7836009,-122.2357067
37.7871415,-122.1954173
37.8725413,-122.2683189
37.6598234,-122.0738579
37.8884182,-122.2722683
37.8093984,-122.2025056
37.7049262,-122.1155624
37.7660709,-122.2711039
37.7949747,-122.2494768
37.7642237,-122.1974044
37.8734255,-122.2733022
37.8297616,-122.2478788
37.7893347,-122.2457768
37.803655,-122.287898
37.7936726,-122.2099802
37.8029846,-122.2374329
37.7874964,-122.2274433
37.8763099,-122.2851806
37.7914704,-122.2360304
37.8577396,-122.2715621
37.772979,-122.2623761
37.6957951,-122.1152903
37.7712728,-122.1876392
37.799308,-122.231706
37.9009897,-122.2768979
37.8000389,-122.2421351
37.6327708,-122.0670406
37.6945497,-122.070981
37.758009,-122.1621293
37.696977,-122.125907
37.7990139,-122.2731766
37.8190294,-122.2532693
37.82266,-122.229379
37.8896398,-122.2531548
37.7722523,-122.193591
37.7558964,-122.1803666
37.6317484,-122.0793221
37.7509356,-122.1898474
37.7831694,-122.2763881
37.798888,-122.2296521
37.6620705,-122.081211
37.6701114,-122.0722715
37.8829748,-122.2743452
37.809432,-122.269009
37.7901973,-122.2067527
37.7669756,-122.2353417
37.7905524,-122.2203938
37.825,-122.269719
37.840322,-122.262232
37.8185731,-122.2175185
37.7617798,-122.1567847
37.9364482,-122.3119107
37.7946915,-122.2576213
37.827341,-122.2566713
37.8621848,-122.2806686
37.7953783,-122.2260683
37.7554579,-122.1673112
37.7293266,-122.2296265
37.8775991,-122.2738166
37.875261,-122.2686303
37.8087468,-122.2193315
37.8086251,-122.1808875
37.8930173,-122.2675948
37.8176316,-122.2230297
37.7646021,-122.1664292
37.8899804,-122.2728407
37.77534,-122.2251141
37.758682,-122.252767
37.7543426,-122.1498654
37.6918184,-122.1096355
37.81994,-122.2521455
37.7750541,-122.1698846
37.7754907,-122.2766451
37.8294947,-122.2879624
37.8598652,-122.2717846
37.8333482,-122.2936413
37.8804159,-122.246653
37.736746,-122.1532273
37.779281,-122.2288719
37.811723,-122.2989927
37.816391,-122.2572903
37.8695805,-122.2528571
37.8470318,-122.2519697
37.8170724,-122.2833222
37.7541026,-122.1273624
37.7795427,-122.1808496
37.7973929,-122.2051347
37.7709053,-122.1848629
37.8210688,-122.2256387
37.81133,-122.26446
37.6830283,-122.0976534
37.7014178,-122.1064505
37.7920395,-122.2480817
37.8775414,-122.2607302
37.8700912,-122.2839188
37.7630089,-122.2622972
37.6644717,-122.0875108
37.7730043,-122.2359781
37.6565134,-122.0930789
37.7354615,-122.1745966
37.86866,-122.2599089
37.9881845,-122.3113695
37.8140595,-122.2605612
37.7651408,-122.2421298
37.8577892,-122.2595891
37.7597104,-122.1704767
37.8880964,-122.2984039
37.7990508,-122.2699077
37.7988517,-122.1901704
37.650578,-122.108624
37.8686135,-122.2605215
37.8674914,-122.2608438
37.8018375,-122.2776013
37.820914,-122.2864408
37.7912292,-122.2451344
37.7537668,-122.1498746
37.8259833,-122.2842493
37.7924628,-122.2433614
37.8749296,-122.260552
37.8712154,-122.2748915
37.7864435,-122.2325669
37.862292,-122.2809336
37.7387449,-122.2521401
37.7679799,-122.2395224
37.728722,-122.1773454
37.7034998,-122.0982814
37.8339879,-122.2932929
37.8116438,-122.2480108
37.8649364,-122.2723869
37.7805767,-122.2242721
37.6358513,-122.0833416
37.8093089,-122.2861275
37.8254185,-122.2355359
37.7402318,-122.1672323
37.6483323,-122.1072176
37.784592,-122.2304534
37.7545256,-122.1829906
37.6960081,-122.1151527
37.8125302,-122.2851892
37.7745893,-122.2197687
37.8210497,-122.2861156
37.804375,-122.2331295
37.6932749,-122.1117586
37.8522852,-122.2916088
37.8871243,-122.2514745
37.8831175,-122.261757
37.6786492,-122.0740202
37.716049,-122.1412137
37.7913801,-122.2221867
37.80544,-122.1792975
37.7647669,-122.1497326
37.8235616,-122.2843418
37.8562219,-122.2714203
37.7617038,-122.1926096
37.889904,-122.252345
37.9499089,-122.340841
37.8876383,-122.2544862
37.9628611,-122.3254145
37.6360021,-122.0799487
37.7986724,-122.1701139
37.6695889,-122.0863137
37.893405,-122.245637
37.8814897,-122.2911094
37.8783441,-122.2689699
37.7891197,-122.2083324
37.7750001,-122.2245687
37.770872,-122.2119792
37.7707662,-122.1545057
37.7946954,-122.1733778
37.6709694,-122.0740794
37.8767712,-122.2665834
37.8707604,-122.2676616
37.7839077,-122.2230325
37.8008657,-122.2247996
37.9353266,-122.3246774
37.7577826,-122.2481334
37.9499081,-122.3472317
37.6850834,-122.0886267
37.8223442,-122.2295782
37.6878827,-122.0626091
37.7823204,-122.1940458
37.7220117,-122.1455192
37.6856515,-122.0634266
37.7619532,-122.172188
37.9359541,-122.3089539
37.7799722,-122.2204589
37.8713419,-122.2658131
37.8113956,-122.247693
37.6541257,-122.0904866
37.6842452,-122.0991793
37.800686,-122.2246323
37.7967291,-122.1958421
37.9623647,-122.3258801
37.6903709,-122.1189082
37.6344869,-122.0563765
37.7016464,-122.0833648
37.6314212,-122.0742216
37.8915317,-122.2550192
37.7597478,-122.2638408
37.7555283,-122.1791283
37.81123,-122.2856502
37.7365734,-122.1726341
37.7989478,-122.2108971
37.7970989,-122.2652403
37.878445,-122.2669232
37.872014,-122.281987
37.876438,-122.282755
37.7420831,-122.1551899
37.8961476,-122.2558054
37.7661675,-122.2436002
37.7409359,-122.2510362
37.7366023,-122.2445097
37.7667078,-122.1973824
37.8241673,-122.2470491
37.7018539,-122.0783008
37.8215155,-122.2547893
37.8041719,-122.2711944
37.6931594,-122.0668654
37.7534929,-122.1972075
37.9540077,-122.3333717
37.9081837,-122.280221
37.8200722,-122.244223
37.8221759,-122.2285161
37.7961731,-122.1814235
37.8926768,-122.2649088
37.7954413,-122.1980371
37.8710052,-122.252833
37.674349,-122.080967
37.8913298,-122.281795
37.804607,-122.2297715
37.772498,-122.2091091
37.7034828,-122.0741612
37.7732031,-122.2688652
37.8585914,-122.2532678
37.7242181,-122.154681
37.7932921,-122.2494949
37.9419611,-122.3514151
37.7862026,-122.1972106
37.6343891,-122.0567046
37.7742706,-122.2534967
37.8835246,-122.2742612
37.757812,-122.248661
37.6750438,-122.0798389
37.7717104,-122.2081682
37.8262906,-122.2107184
37.6933698,-122.0668379
37.7542156,-122.1271124
37.7607259,-122.245636
37.7616882,-122.1591937
37.7881056,-122.23926
37.7789703,-122.1987631
37.8019849,-122.2654393
37.8038451,-122.2338301
37.766038,-122.2437945
37.9157974,-122.2831744
37.8007368,-122.2290237
37.8678393,-122.2586398
37.7712326,-122.2732483
37.8308023,-122.2815694
37.7571616,-122.2479736
37.7282589,-122.1484606
37.7853885,-122.2343809
37.7664837,-122.1974956
37.69578,-122.1036675
37.7805306,-122.2309567
37.7625826,-122.1652358
37.7384631,-122.25196
37.804786,-122.270843
37.8290943,-122.2646745
37.7938374,-122.2515849
37.8347941,-122.2672963
37.7613487,-122.205021
37.7923426,-122.2276407
37.8315723,-122.2491244
37.9009771,-122.2676599
37.7370701,-122.2451708
37.7140662,-122.1382333
37.7696307,-122.2381674
37.8480401,-122.2609557
37.7966004,-122.1955748
37.6983113,-122.1059495
37.7965806,-122.2758841
37.7901469,-122.2302176
37.8136284,-122.2139196
37.6483265,-122.0649203
37.8963079,-122.2657546
37.9018414,-122.2676119
37.8101448,-122.2950603
37.9089453,-122.2729584
37.795897,-122.258977
37.8905267,-122.2960187
37.8243502,-122.2089127
37.8313493,-122.2679342
37.7966997,-122.2607537
37.8921842,-122.266921
37.8098771,-122.2950391
37.655394,-122.0912541
37.7436025,-122.1480149
37.883115,-122.261606
37.9712879,-122.3053232
37.8415925,-122.2698523
37.8073255,-122.2497335
37.6995975,-122.1206774
37.801271,-122.263183
37.7818663,-122.2192959
37.8967294,-122.2612094
37.7362258,-122.1643051
37.776742,-122.183888
37.758312,-122.2607402
37.8695359,-122.2674649
37.8762209,-122.2872537
37.738876,-122.1672988
37.7661185,-122.1679897
37.7789603,-122.1921425
37.7485846,-122.1622191
37.8194483,-122.2194329
37.6622699,-122.101989
37.6981317,-122.1185814
37.8752983,-122.2579698
37.7945205,-122.2127715
37.7637896,-122.1969993
37.7095421,-122.1320024
37.884088,-122.2662955
37.7993583,-122.2505413
37.7955648,-122.2765326
37.810813,-122.2670185
37.7647174,-122.1667726
37.802254,-122.2744562
37.734797,-122.1799434
37.8684577,-122.2619131
37.8701805,-122.2846543
37.8112167,-122.2479074
37.6520188,-122.1052571
37.8625861,-122.2785657
37.6592565,-122.1007234
37.8039604,-122.2772554
37.8041597,-122.2901818
37.789578,-122.196721
37.7725375,-122.2145103
37.8903388,-122.2522633
37.7764003,-122.2235505
37.7970237,-122.2173998
37.8084046,-122.2962253
37.6803401,-122.0846222
37.6748475,-122.0788861
37.8884524,-122.2668507
37.7495108,-122.1741503
37.7946284,-122.1763497
37.6325963,-122.0667697
37.6948521,-122.0842105
37.8007816,-122.2663291
37.7552262,-122.1611193
37.8050299,-122.2938296
37.7622156,-122.2446172
37.8212823,-122.2544008
37.9222415,-122.2926449
37.8272311,-122.2509989
37.8232147,-122.256381
37.7961622,-122.2035093
37.86499,-122.2583646
37.7029026,-122.0739034
37.8191659,-122.2672907
37.8911012,-122.2762231
37.7808907,-122.1919484
37.8420583,-122.2951559
37.8175338,-122.2555951
37.7869808,-122.194607
37.8206206,-122.2531142
37.6582345,-122.0944279
37.8441858,-122.2704036
37.8197146,-122.2539479
37.8187705,-122.2101426
37.8045799,-122.2902177
37.7852167,-122.2391401
37.7472644,-122.1963181
37.7433261,-122.1527142
37.7706582,-122.1842033
37.8701942,-122.2677299
37.8908918,-122.2671605
37.7979173,-122.2561646
37.8842259,-122.2995313
37.9499123,-122.3452643
37.8060137,-122.2842138
37.7214195,-122.1454983
37.8817029,-122.2703548
37.7935683,-122.210023
37.8358755,-122.2625398
37.8312016,-122.2796107
37.8803196,-122.2694552
37.8101955,-122.2172136
37.6559555,-122.0747083
37.7763545,-122.183609
37.6709177,-122.0830599
37.754762,-122.1474133
37.738101,-122.2518554
37.8829445,-122.2503001
37.8357748,-122.2876212
37.7932974,-122.2444953
37.8210388,-122.2667884
37.8068258,-122.3011504
37.7557606,-122.1794443
37.9276204,-122.3202159
37.6470761,-122.0897873
37.8063229,-122.2700784
37.8111073,-122.2624573
37.6933978,-122.0630798
37.8795917,-122.2611077
37.7784801,-122.199455
37.7753346,-122.2253693
37.947975,-122.3521535
37.7995513,-122.1721502
37.7713531,-122.2763974
37.7570816,-122.256641
37.6749875,-122.0872452
37.7813227,-122.2344525
37.7874456,-122.242865
37.7702967,-122.1814971
37.8404986,-122.2649387
37.82867,-122.2607018
37.7082828,-122.1305547
37.7828596,-122.27677
37.7197231,-122.1447589
37.76368,-122.238582
37.6907148,-122.1076029
37.6753985,-122.0822585
37.8097262,-122.1918143
37.8177859,-122.2226493
37.9677185,-122.3091055
37.9512243,-122.3387662
37.6655737,-122.0864146
37.8216808,-122.2473604
37.7286486,-122.1755472
37.8070077,-122.2415296
37.8397544,-122.2692124
37.6643036,-122.0825987
37.6782181,-122.1041622
37.6938113,-122.1120445
37.761641,-122.262755
37.8813958,-122.2910214
37.7681278,-122.206272
37.7470841,-122.1571436
37.6407528,-122.0648648
37.880747,-122.2868957
37.7022674,-122.1102061
37.696787,-122.126088
37.7652705,-122.1994289
37.6930101,-122.0889475
37.8627161,-122.2766639
37.6685298,-122.0676912
37.6943232,-122.08606
37.8016534,-122.2290361
37.8200518,-122.2539044
37.8243123,-122.2091287
37.7823815,-122.193475
37.9366269,-122.3162095
37.8052283,-122.2802435
37.7905821,-122.2464202
37.85637,-122.2712064
37.8008203,-122.2191185
37.8362714,-122.2876022
37.6956816,-122.0619654
37.8299006,-122.2848815
37.8991222,-122.2774213
37.7261225,-122.175516
37.8939774,-122.2639263
37.8714122,-122.275174
37.8001701,-122.2734792
37.7778834,-122.2300654
37.8022679,-122.2727474
37.929789,-122.3214341
37.804059,-122.2341336
37.8551064,-122.2664079
37.8284878,-122.2610041
37.8013882,-122.2461582
37.97371,-122.30138
37.8026515,-122.2390159
37.8733303,-122.2821516
37.9497858,-122.3470809
37.8327699,-122.2675778
37.81818,-122.214592
37.8637622,-122.267499
37.701287,-122.0932252
37.8815633,-122.2820449
37.7567781,-122.2491651
37.679108,-122.101431
37.6531375,-122.0722754
37.8112375,-122.273656
37.7219385,-122.16058
37.8205726,-122.2442886
37.6732148,-122.0777009
37.7748926,-122.2768192
37.6974536,-122.0871827
37.6945229,-122.062182
37.8186152,-122.2099138
37.8061951,-122.2761605
37.8541628,-122.2527026
37.8717,-122.2728718
37.6413193,-122.0834224
37.7955895,-122.2179708
37.6878689,-122.1191037
37.8386342,-122.288983
37.8745848,-122.2642342
37.7852089,-122.1899331
37.8139687,-122.265351
37.7867071,-122.2124497
37.8038444,-122.2760287
37.8069825,-122.2890511
37.7629537,-122.2027357
37.793872,-122.2563709
37.7671384,-122.1965662
37.757597,-122.1756519
37.8826245,-122.266223
37.9857976,-122.298111
37.7791346,-122.1749701
37.7615551,-122.1566874
37.7810145,-122.2346177
37.7747937,-122.2120726
37.7851732,-122.2343242
37.8037081,-122.2343113
37.7084312,-122.13287
37.7751431,-122.1921318
37.6621663,-122.0579078
37.7584356,-122.1739339
37.8457629,-122.2711699
37.7895381,-122.2205448
37.7533937,-122.1773154
37.7674159,-122.246484
37.9018127,-122.2672783
37.8105938,-122.2910108
37.7057176,-122.0645472
37.836724,-122.251347
37.7674598,-122.2351626
37.7383938,-122.1687508
37.8251827,-122.2480817
37.8086864,-122.2540731
37.8187302,-122.217303
37.6896004,-122.0738317
37.7862474,-122.2408573
37.7021204,-122.0951856
37.7762095,-122.2580411
37.7779024,-122.225601
37.8226037,-122.2437911
37.7653191,-122.152908
37.8677265,-122.2997303
37.739283,-122.1551183
37.6993418,-122.1211974
37.8033786,-122.2852284
37.8255047,-122.2095046
37.7769929,-122.171273
37.8130585,-122.2140223
37.8200721,-122.2824598
37.8111998,-122.2620975
37.869114,-122.2925441
37.8758067,-122.2735586
37.7421056,-122.1546609
37.7681464,-122.2397354
37.8159912,-122.2492832
37.7987663,-122.1918639
37.7964415,-122.1816794
37.848778,-122.2522945
37.8367593,-122.2580831
37.8412745,-122.2931214
37.8062221,-122.2758028
37.8095826,-122.1895922
37.8877042,-122.2613557
37.7986293,-122.1863388
37.8445417,-122.2519663
37.7390301,-122.1931286
37.824916,-122.2581741
37.753353,-122.241165
37.8849972,-122.3001155
37.8194784,-122.2252764
37.7694353,-122.1933001
37.7987154,-122.2246302
37.7806045,-122.2655398
37.6652725,-122.0558905
37.8944094,-122.274719
37.7054465,-122.1290604
37.7546853,-122.1829533
37.80946,-122.2021618
37.9106473,-122.2802531
37.7736936,-122.217918
37.7997228,-122.2349181
37.7106199,-122.1364549
37.9013097,-122.2695105
37.8240041,-122.2470966
37.6434062,-122.1050452
37.7583757,-122.2558754
37.7725779,-122.2068023
37.6953906,-122.0813879
37.803168,-122.272624
37.7766979,-122.2096233
37.8046577,-122.2951104
37.7685095,-122.2064855
37.7109109,-122.1336957
37.8616092,-122.2860779
37.880554,-122.2865401
37.75731,-122.248732
37.676441,-122.097378
37.8269083,-122.2692624
37.8912973,-122.2787612
37.7309885,-122.2316946
37.8065353,-122.2070779
37.8427909,-122.2515383
37.6853069,-122.0733955
37.7947701,-122.2461477
37.6876258,-122.0629253
37.6337892,-122.0641209
37.6818706,-122.0957857
37.8907635,-122.2637027
37.7891561,-122.2264294
37.8139276,-122.2392558
37.8033356,-122.2357293
37.7723945,-122.215216
37.8132883,-122.2923152
37.9698569,-122.3074502
37.7969165,-122.2608252
37.7272585,-122.1579717
37.7790026,-122.2165422
37.6861038,-122.1169621
37.8267396,-122.2652574
37.8426517,-122.2955083
37.8087932,-122.2673073
37.7689929,-122.2727976
37.8801384,-122.2691715
37.6967002,-122.1257177
37.8100819,-122.2890561
37.7997991,-122.2346605
37.6573365,-122.0719227
37.8117096,-122.2422004
37.7553481,-122.2445173
37.6661163,-122.1034162
37.8696542,-122.2869651
37.7015372,-122.1193114
37.7737253,-122.1872432
37.9256001,-122.2943455
37.8507917,-122.2708478
37.8071548,-122.2974411
37.662613,-122.0814875
37.7679678,-122.2398297
37.803051,-122.272065
37.8058854,-122.2841775
37.8940606,-122.2583075
37.6957059,-122.0751219
37.8810264,-122.2934169
37.6915656,-122.0748726
37.6396936,-122.0835632
37.797874,-122.2676275
37.7969612,-122.2679968
37.6921669,-122.0916353
37.8759231,-122.2884279
37.884267,-122.2985151
37.8941377,-122.2582643
37.7908374,-122.198091
37.7938501,-122.2008509
37.8360637,-122.2556081
37.7016112,-122.119021
37.8414569,-122.2702677
37.7564178,-122.2004726
37.7436309,-122.2391738
37.8910902,-122.2859579
37.8862925,-122.2625037
37.7781889,-122.23001
37.8493587,-122.2656611
37.705434,-122.0739212
37.7416345,-122.1620378
37.7122582,-122.1356215
37.875636,-122.2913546
37.7671924,-122.2463336
37.9131427,-122.2813237
37.8688278,-122.2661652
37.8786349,-122.2667974
37.8586634,-122.2670129
37.8117988,-122.2663808
37.786183,-122.1969064
37.7914074,-122.2225259
37.8276207,-122.2570594
37.9007374,-122.2701443
37.7987808,-122.1883801
37.831499,-122.2540998
37.728374,-122.1482918
37.7756809,-122.170525
37.7506821,-122.1482708
37.8559671,-122.2595991
37.8370836,-122.2619794
37.7987723,-122.2567089
37.8268792,-122.2649591
37.6578801,-122.0980041
37.7955942,-122.2539843
37.758264,-122.255749
37.7921598,-122.2499037
37.7606957,-122.1904777
37.8304827,-122.2831232
37.7707277,-122.191454
37.93639,-122.3144668
37.7729128,-122.2598869
37.771544,-122.247226
37.8316289,-122.2680733
37.7936883,-122.2267505
37.7591756,-122.1723966
37.8827968,-122.2661276
37.7018085,-122.0806079
37.8579421,-122.2593377
37.8162277,-122.2639233
37.8158566,-122.2681386
37.680189,-122.0700994
37.8639087,-122.2672161
37.6983061,-122.1063145
37.6848933,-122.1168751
37.9217411,-122.2911062
37.8817107,-122.2740858
37.7727599,-122.2074862
37.8059595,-122.2984696
37.7917796,-122.2149446
37.7532123,-122.1853104
37.8063094,-122.2999058
37.885852,-122.2491607
37.8212165,-122.2503766
37.7945499,-122.175267
37.7892508,-122.2205007
37.8268626,-122.2797998
37.7798657,-122.1771408
37.7291509,-122.2295439
37.8071768,-122.297191
37.776552,-122.226763
37.8629168,-122.2588823
37.8113115,-122.2505476
37.8651097,-122.2673677
37.6954675,-122.0748239
37.7442808,-122.2395939
37.7019156,-122.0950687
37.8752017,-122.2937596
37.6912386,-122.0933605
37.8300574,-122.2851836
37.7758882,-122.2229865
37.7567898,-122.177332
37.7424852,-122.2501082
37.8094057,-122.2468584
37.8011974,-122.2733132
37.8295245,-122.2853833
37.895091,-122.2644829
37.9774829,-122.2951036
37.8245937,-122.2658297
37.6621524,-122.0581071
37.7608879,-122.1522318
37.9019727,-122.2763655
37.7206773,-122.1501698
37.8186022,-122.2827703
37.8042348,-122.2879637
37.8829334,-122.302906
37.8188407,-122.2712958
37.830607,-122.2813223
37.810217,-122.2729684
37.8615784,-122.2855696
37.8835469,-122.2517607
37.806495,-122.2868855
37.8065005,-122.2073596
37.9807958,-122.2969048
37.7685807,-122.23377
37.8042336,-122.2326109
37.9104741,-122.2801551
37.7851991,-122.2387522
37.809324,-122.267939
37.7665018,-122.1520316
37.679264,-122.0722854
37.6901169,-122.0624661
37.6718109,-122.0756024
37.8338421,-122.2507263
37.688213,-122.1040552
37.82813,-122.2500226
37.8533342,-122.2917665
37.66824,-122.080609
37.8241301,-122.2589821
37.773619,-122.2097579
37.808164,-122.2811547
37.8813484,-122.2898735
37.698266,-122.1245125
37.7968816,-122.2176241
37.8128302,-122.2928945
37.7454545,-122.2363936
37.755766,-122.245055
37.7977779,-122.1939043
37.898122,-122.2622887
37.8351482,-122.253296
37.7405185,-122.2511912
37.6925011,-122.1101573
37.9275396,-122.2962923
37.7976926,-122.2494537
37.8029366,-122.2109995
37.7613745,-122.1678184
37.7595325,-122.1628973
37.6449526,-122.0669058
37.6616812,-122.0882908
37.8215473,-122.2472091
37.8098322,-122.286166
37.808968,-122.282787
37.808212,-122.265767
37.8190458,-122.2535234
37.7515985,-122.1887339
37.6314899,-122.0778505
37.7975696,-122.249135
37.861088,-122.2899314
37.8597132,-122.2593317
37.8236144,-122.2403921
37.8107445,-122.2629615
37.8261449,-122.2330707
37.8971562,-122.2756917
37.7754115,-122.2255433
37.7765095,-122.2034292
37.7903198,-122.2447758
37.7906726,-122.2203676
37.7996601,-122.2330989
37.7835838,-122.2225151
37.8056052,-122.2375196
37.8067796,-122.223924
37.8168451,-122.2715824
37.9293344,-122.2988186
37.6551987,-122.0913302
37.7992404,-122.2745249
37.9006049,-122.2674902
37.9499144,-122.3430276
37.7972462,-122.2521016
37.7939372,-122.2006183
37.8126241,-122.2410156
37.7711204,-122.1876942
37.8410269,-122.2897692
37.823905,-122.2578106
37.769279,-122.1741484
37.8834026,-122.2711115
37.7363979,-122.182896
37.6780832,-122.1050023